epoch;loss
0;4.167723655700684
1;3.8046669960021973
2;3.445045232772827
3;3.4313201904296875
4;3.3633832931518555
